"","AUDUSD","BZ","CHFUSD","EURUSD","GC","PL","SPX","USDNOK"
"240322",0.75099,118.2,1.07563,1.10083,1961.5,1029.9,4520.16,8.6599
"250322",0.7512,119.98,1.0742,1.0982,1957.6,1005.6,4543.06,8.6043
"280322",0.74959,106.6,1.07102,1.09904,1924.9,986.3,4575.52,8.7017
"290322",0.75136,108.56,1.07368,1.1091,1923,983.5,4631.6,8.662
"300322",0.7501,111,1.0828,1.116,1929.4,994,4602.45,8.56844
"310322",0.74907,105.65,1.08296,1.10725,1943.1,988.1,4530.41,8.77877
"10422",0.7499,104.75,1.0802,1.1047,1928.5,990.1,4545.86,8.7383
"40422",0.75423,107.98,1.0791,1.09749,1932,991.5,4582.64,8.7104
"50422",0.7585,105.68,1.07548,1.09057,1926.6,968.6,4525.12,8.7627
"60422",0.75042,101.65,1.0713,1.0896,1925,954.3,4481.15,8.79505
"70422",0.74771,101.41,1.0696,1.08639,1933.9,963.8,4500.21,8.8116
"80422",0.7455,102.4,1.0699,1.0875,1950.4,975.5,4488.28,8.697
"110422",0.74144,99.35,1.0734,1.0877,1963.2,981.3,4412.53,8.8184
"120422",0.74527,104.93,1.07202,1.08257,1973.6,968.2,4397.45,8.77291
"130422",0.7449,108.88,1.0703,1.08948,1977.2,987.3,4446.59,8.74563
"140422",0.74072,111.66,1.0598,1.08194,1977.1,991.1,4392.59,8.77959
"180422",0.73567,112.84,1.05827,1.07799,1981.8,1017,4391.69,8.8485
"190422",0.73931,107.6,1.0498,1.07939,1946.5,990.3,4462.21,8.825
"200422",0.74439,107.23,1.0533,1.08486,1953.5,987.3,4459.45,8.8094
"210422",0.73597,108.83,1.0481,1.08348,1952.1,968.3,4393.66,8.8918
"220422",0.7237,106.2,1.0446,1.0794,1932.5,923,4271.78,8.9536
"250422",0.71759,102.63,1.04309,1.07123,1903.2,912.6,4296.12,9.11842
"260422",0.71411,104.87,1.0387,1.0641,1899.6,916.2,4175.2,9.23895
"270422",0.71213,104.94,1.0318,1.05541,1879.2,908.9,4183.96,9.3287
"280422",0.71089,107.12,1.02885,1.05021,1905.6,911.5,4287.5,9.40838
"290422",0.7063,106.08,1.0268,1.0541,1896.9,932,4131.93,9.3647
"20522",0.70505,107.64,1.02265,1.05089,1862.3,932.8,4155.38,9.43728
"30522",0.71002,105.94,1.02146,1.05248,1864.5,958.7,4175.48,9.3905
"40522",0.72509,110.22,1.027,1.06196,1901.8,986.4,4300.17,9.23627
"50522",0.71189,111.06,1.01467,1.05391,1876.5,962,4146.87,9.4816
"60522",0.7077,113.22,1.0111,1.0551,1882.8,947.4,4123.34,9.4858
"90522",0.69532,105.25,1.00679,1.0563,1863.5,936.1,3991.24,9.6626
"100522",0.69319,101.6,1.00387,1.0529,1835.2,943.6,4001.05,9.7286
"110522",0.69265,107.51,1.0051,1.05117,1852.7,982.5,3935.18,9.7476
"120522",0.68682,107.92,0.9965,1.0377,1823.2,938.3,3930.08,9.86721
"130522",0.6938,111.22,0.9978,1.0412,1810.3,930.8,4023.89,9.7529
"160522",0.69725,114.03,0.9978,1.04388,1821.7,928.9,4008.01,9.7633
"170522",0.70298,112.83,1.0062,1.05477,1806.4,940.3,4088.85,9.6683
"180522",0.69575,109.25,1.01277,1.04728,1814.1,915,3923.68,9.8878
"190522",0.70415,111.5,1.0281,1.05791,1840.1,947.5,3900.79,9.68778
"200522",0.7032,112.91,1.026,1.056,1845.1,948.6,3901.36,9.7414
"230522",0.70861,113.47,1.03517,1.06834,1854,947,3973.75,9.6055
"240522",0.71012,113.84,1.04108,1.07325,1861.1,945.8,3941.48,9.5583
"250522",0.7089,114.5,1.0395,1.06866,1848.7,936.4,3978.73,9.56954
"260522",0.7098,114.46,1.04298,1.07324,1852.4,939.1,4057.84,9.5287
"270522",0.716,115.32,1.0441,1.07317,1850.6,943,4158.24,9.4571
"310522",0.71825,116.27,1.04186,1.07337,1839,960.7,4132.15,9.3636
"10622",0.7171,115.9,1.03816,1.06509,1847.2,991.1,4101.23,9.4767
"20622",0.7262,118.29,1.0438,1.07502,1872.3,1025,4176.82,9.3618
"30622",0.7206,121.08,1.0384,1.0719,1853.9,1020.3,4108.54,9.4303
"60622",0.71855,119.99,1.02931,1.0689,1842.4,1022.1,4121.43,9.428
"70622",0.72207,121,1.02693,1.06972,1848.8,1013.4,4160.68,9.4573
"80622",0.71859,123.94,1.02142,1.07162,1857.5,1009.6,4115.77,9.47038
"90622",0.7097,122.93,1.01972,1.0618,1846.9,969.8,4017.82,9.58275
"100622",0.7051,121.93,1.0121,1.0515,1875.2,972,3900.86,9.6953
"130622",0.69402,122.36,1.00304,1.04149,1826.8,929.4,3749.63,9.9061
"140622",0.68868,121.09,1.00045,1.04367,1816.8,915.6,3735.48,9.99259
"150622",0.70176,118.98,1.00535,1.04571,1834.6,936.2,3789.99,9.921
"160622",0.70397,119.03,1.0338,1.05463,1844.6,947.3,3666.77,9.956
"170622",0.6931,113.61,1.0307,1.0498,1841.9,929.2,3674.84,9.98748
"210622",0.69594,114.89,1.03479,1.05313,1829.4,938.1,3764.79,9.84569
"220622",0.69047,110.03,1.03966,1.05638,1834.3,926.3,3759.89,9.92338
"230622",0.69022,109.83,1.03993,1.05193,1826.2,906.1,3795.73,9.973
"240622",0.6947,113.19,1.0428,1.0554,1828.1,904.2,3911.74,9.8444
"270622",0.6921,111.21,1.04539,1.05797,1827.3,902.6,3900.11,9.7917
"280622",0.69029,114,1.04492,1.0522,1821.5,908.5,3821.55,9.81693
"290622",0.68779,112.3,1.04792,1.04457,1817.9,911.1,3818.83,9.8848
"300622",0.68975,109.2,1.0465,1.04784,1801.5,888.3,3785.38,9.83873
"10722",0.6813,111.48,1.0419,1.0428,1812.9,877.4,3825.33,9.9222
"50722",0.67935,104.8,1.03238,1.02569,1767.4,853.3,3831.39,10.06273
"60722",0.67814,99.8,1.0304,1.01841,1743.9,842.6,3845.08,10.1225
"70722",0.68469,104.1,1.02658,1.01681,1740.4,865.2,3902.62,10.0675
"80722",0.6856,107.15,1.0235,1.0183,1740.9,883.7,3899.38,10.0716
"110722",0.6736,106.41,1.01709,1.00451,1731.5,857.6,3854.43,10.19405
"120722",0.67457,99.22,1.01816,1.003,1725.2,823.7,3818.8,10.2611
"130722",0.67325,99.85,1.01927,1.00338,1730.1,830.9,3801.78,10.2291
"140722",0.6756,99.71,1.0169,1.00265,1706,824.3,3790.38,10.2201
"150722",0.67887,101.13,1.024,1.00843,1706.5,832.6,3863.16,10.1597
"180722",0.68093,105.69,1.0226,1.01461,1707.1,849.6,3830.85,10.0837
"190722",0.68952,107.27,1.0318,1.02304,1710.3,862,3936.69,9.89683
"200722",0.68838,106.61,1.02898,1.01807,1689,840.7,3959.9,9.9674
"210722",0.69217,103.89,1.0345,1.022,1712.5,858.3,3998.95,9.94047
"220722",0.6924,103.61,1.0398,1.021,1725.3,864.1,3961.63,9.9262
"250722",0.69498,104.89,1.03675,1.02221,1722.2,869.8,3966.84,9.8313
"260722",0.69454,99.72,1.03878,1.01282,1714.6,865.4,3921.05,9.8858
"270722",0.69935,102.33,1.04321,1.02051,1735,882.1,4023.61,9.7276
"280722",0.69972,102.4,1.04745,1.01918,1779.1,880.1,4072.43,9.73077
"290722",0.6984,104,1.0506,1.02248,1782.7,890.5,4130.29,9.65905
"10822",0.70239,99.93,1.05203,1.0263,1790.9,904.7,4118.63,9.63375
"20822",0.689,99.92,1.04313,1.01562,1785,887,4091.19,9.7757
"30822",0.69363,97.1,1.04011,1.01562,1787,888.8,4155.17,9.71609
"40822",0.69595,93.6,1.04785,1.0247,1809,927.2,4151.94,9.7279
"50822",0.6908,94.66,1.0393,1.0181,1792.4,931.9,4145.19,9.78473
"80822",0.69884,96.52,1.0466,1.0197,1802,942.8,4140.06,9.7366
"90822",0.69535,96.53,1.0476,1.02076,1807.4,933.7,4122.47,9.7293
"100822",0.70816,97.06,1.06085,1.02984,1801.1,944.6,4210.24,9.5105
"110822",0.7101,99.42,1.0617,1.03196,1806.5,954.5,4207.27,9.5196
"120822",0.7121,98.01,1.0619,1.0258,1818.9,963.4,4280.15,9.56205
"150822",0.70187,93.47,1.05683,1.0161,1796.2,929.2,4297.14,9.70591
"160822",0.70195,92.76,1.05268,1.01696,1790.1,932.9,4305.2,9.6714
"170822",0.69305,93.05,1.05093,1.0176,1775.9,920.8,4274.04,9.70385
"180822",0.69109,96.58,1.04498,1.00884,1767.2,905.5,4283.74,9.7297
"190822",0.6872,96.09,1.0424,1.0034,1760.3,889.3,4228.48,9.797
"220822",0.68781,96.69,1.0364,0.9938,1751.2,868,4137.99,9.8204
"230822",0.69208,100.15,1.0364,0.99665,1758.1,872.3,4128.73,9.709
"240822",0.69055,101.73,1.0341,0.99679,1769.2,866.7,4140.77,9.6932
"250822",0.6961,99.83,1.0372,0.9969,1770.2,871.8,4199.12,9.65882
"260822",0.689,98.9,1.0348,0.9961,1750.8,852,4057.66,9.7638
"290822",0.69071,102.95,1.0334,1.00108,1747.1,855.3,4030.61,9.7311
"300822",0.68541,98.47,1.02637,1.00232,1735.3,832.5,3986.16,9.81202
"310822",0.68276,94.96,1.0209,1.00378,1715.2,822.1,3955,9.95182
"10922",0.67951,92.17,1.0187,0.99513,1710.3,808.5,3966.85,10.0424
"20922",0.6808,93.28,1.0188,0.995,1722.6,818.2,3924.26,10.0141
"60922",0.67274,92.85,1.01535,0.98968,1704,835.8,3908.19,10.03465
"70922",0.6752,87.71,1.02352,0.99979,1725.7,852.2,3979.87,10.00527
"80922",0.67643,88.61,1.03207,1.00095,1729.9,871.4,4006.18,10.02024
"90922",0.684,92.42,1.0405,1.0039,1727.6,873,4067.36,9.9214
"120922",0.68925,94.26,1.0489,1.0129,1731.9,902,4110.41,9.8315
"130922",0.67406,93.55,1.0407,0.99781,1710.4,876.6,3932.69,10.1071
"140922",0.67524,94.64,1.0389,0.99821,1701.9,903.7,3946.01,10.0836
"150922",0.66867,90.8,1.0392,0.99872,1672.7,900.2,3901.35,10.1853
"160922",0.6718,91.57,1.0363,1.0015,1684.5,905.2,3873.33,10.185
"190922",0.67323,91.73,1.03712,1.00299,1685.3,920.3,3899.89,10.2057
"200922",0.66945,90.87,1.03729,0.99712,1671.7,925.1,3855.93,10.32887
"210922",0.6611,90,1.03317,0.98306,1668.3,907.6,3789.93,10.36637
"220922",0.66436,90.33,1.02442,0.98383,1677,903.8,3757.99,10.39283
"230922",0.6526,86.65,1.0182,0.969,1651.7,852.9,3693.23,10.5994
"260922",0.647,82.72,1.0074,0.9619,1638.1,849.7,3655.04,10.7825
"270922",0.64337,84.43,1.00805,0.95951,1631.6,847.8,3647.29,10.8027
"280922",0.65028,87.93,1.0223,0.97056,1662.8,863.9,3719.04,10.6987
"290922",0.65082,87.46,1.0253,0.98293,1670.1,865,3640.47,10.6787
"300922",0.6402,85.57,1.0125,0.98003,1668.3,857.4,3585.62,10.8835
"31022",0.65025,88.7,1.00699,0.98337,1708.8,903.2,3678.43,10.6397
"41022",0.6513,91.76,1.02141,0.99834,1728.2,935.3,3790.93,10.44032
"51022",0.65122,93.79,1.01869,0.99118,1730.7,924,3783.28,10.48412
"61022",0.64139,94.92,1.00983,0.97888,1717.6,921.5,3744.52,10.71741
"71022",0.6368,98.45,1.0049,0.9741,1701.8,915.5,3639.66,10.7023
"101022",0.62957,96.07,1.0001,0.97104,1670.7,902,3612.39,10.66972
"111022",0.62648,93.8,1.0018,0.97001,1672,887,3588.84,10.7543
"121022",0.62751,92.41,1.00215,0.97045,1675.7,883.7,3577.03,10.76402
"131022",0.62945,94.69,0.9979,0.97671,1674.9,897.3,3669.91,10.5809
"141022",0.6194,91.46,0.9939,0.9719,1650.2,898.8,3583.07,10.6882
"171022",0.6296,91.98,1.00406,0.98435,1657.8,917.2,3677.95,10.51032
"181022",0.63146,90.64,1.00595,0.98627,1654.2,908.3,3719.98,10.54
"191022",0.6263,92.57,0.99472,0.9764,1630.2,878.8,3695.16,10.62674
"201022",0.62734,92.73,0.99577,0.97778,1625.6,911.8,3665.78,10.6626
"211022",0.63805,93.6,1.0016,0.9861,1662.5,934.6,3752.75,10.4756
"241022",0.63274,93.45,0.9999,0.98839,1655.9,931.2,3797.34,10.4971
"251022",0.63838,93.06,1.00487,0.99617,1661.3,919,3859.11,10.4001
"261022",0.64958,94.15,1.015,1.00929,1668.5,961.4,3830.6,10.2234
"271022",0.64501,94.73,1.0093,0.99666,1668.7,967.1,3807.3,10.27
"281022",0.6409,94.16,1.0035,0.9963,1648.3,949.5,3901.06,10.3296
"311022",0.64092,92.85,0.998,0.98854,1640.4,932.1,3871.98,10.3887
"11122",0.63956,94.77,0.99987,0.98769,1653.8,951.7,3856.1,10.34837
"21122",0.63372,95.52,0.9962,0.98136,1640,937.2,3759.69,10.4719
"31122",0.62873,94.55,0.9864,0.97488,1641.3,921.4,3719.89,10.5796
"41122",0.64681,98.75,1.0058,0.99581,1685.7,967.7,3770.55,10.23405
"71122",0.64739,97.93,1.01092,1.00173,1672.7,990.2,3806.8,10.2193
"81122",0.65084,95.05,1.01534,1.00799,1711.4,1012.1,3828.11,10.2244
"91122",0.64305,92.47,1.01647,1.0019,1712.8,998.1,3748.57,10.36613
"101122",0.66057,93.34,1.03591,1.01917,1756.1,1047,3956.37,10.0951
"111122",0.67031,95.76,1.0621,1.03538,1774.2,1043.7,3992.93,9.9231
"141122",0.66925,92.5,1.05973,1.03197,1774,1026.3,3957.25,10.0427
"151122",0.6769,93.77,1.06015,1.03573,1775.1,1028.7,3991.73,9.979
"161122",0.67388,92.61,1.05852,1.0393,1765,1014.9,3958.79,9.99612
"171122",0.66873,90.02,1.04908,1.03604,1764.7,992.3,3946.56,10.11745
"181122",0.6671,87.74,1.0473,1.0324,1752,986.4,3965.34,10.1866
"211122",0.6607,87.79,1.04292,1.02449,1746.1,989.7,3949.94,10.25224
"221122",0.66492,88.35,1.05103,1.0309,1735.2,1000.8,4003.58,10.09521
"231122",0.67451,84.65,1.0622,1.04177,1756,1007.5,4027.26,9.93377
"251122",0.6748,83.91,1.0572,1.0395,1755,989.6,4026.12,9.8844
"281122",0.66514,83.24,1.05345,1.03431,1752.5,996.9,3963.94,10.01698
"291122",0.66826,84.94,1.04728,1.03234,1767.8,1010.5,3957.63,10.0042
"301122",0.67988,86.64,1.0592,1.04232,1793.4,1051.6,4080.11,9.8221
"11222",0.68105,87.26,1.06754,1.0528,1811.4,1055.9,4076.57,9.70996
"21222",0.6791,85.42,1.067,1.05315,1811.4,1025.3,4071.7,9.75918
"51222",0.6706,83,1.06079,1.04956,1784.2,1006.5,3998.84,9.94
"61222",0.66973,79.72,1.06123,1.0467,1782.5,996.2,3941.26,10.01158
"71222",0.67247,77.39,1.06304,1.05111,1795.1,1013,3933.92,10.0139
"81222",0.67748,76.51,1.06797,1.05551,1807.2,1015.2,3963.51,9.95575
"91222",0.6793,76.82,1.0694,1.053,1809.4,1036.6,3934.38,9.98909
"121222",0.67515,78.02,1.06832,1.05412,1793.3,1010.4,3990.56,9.97775
"131222",0.68411,80.89,1.07605,1.06241,1822.1,1041.4,4019.65,9.7739
"141222",0.68575,82.8,1.08121,1.06757,1801.1,1036.4,3995.32,9.7188
"151222",0.6705,81.45,1.07761,1.06387,1788.3,1013.3,3895.75,9.84915
"161222",0.66905,79.26,1.0682,1.0584,1803,999.1,3852.36,9.8906
"191222",0.67048,80.1,1.0764,1.06117,1799,987.8,3817.66,9.89297
"201222",0.66876,79.68,1.07912,1.06247,1824.1,1012.6,3821.62,9.8668
"211222",0.67121,82.28,1.0788,1.06074,1829.1,1003.3,3878.44,9.8282
"221222",0.66753,81.69,1.0735,1.06007,1802.3,984.3,3822.39,9.86902
"231222",0.6717,83.97,1.0712,1.06172,1806,1030.9,3844.82,9.882
"271222",0.67287,85.16,1.07551,1.06365,1819.1,1024.5,3829.25,9.81758
"281222",0.67463,83.77,1.07732,1.0628,1815.7,1010.9,3783.22,9.8767
"291222",0.67652,83.73,1.08298,1.066,1822.7,1067.1,3849.28,9.8897
"301222",0.6813,85.99,1.0767,1.0702,1830.1,1086,3839.5,9.798
"30123",0.6725,82.46,1.06783,1.05451,1852.6,1091.4,3824.14,10.0871
"40123",0.68278,78.1,1.07533,1.06055,1857.5,1089.6,3852.97,10.0859
"50123",0.67517,78.88,1.06785,1.05204,1842.6,1067,3808.1,10.2475
"60123",0.6875,78.6,1.0774,1.06413,1870.5,1104.4,3895.08,10.00125
"90123",0.69087,79.8,1.08537,1.0732,1875.4,1092.7,3892.09,9.907
"100123",0.68926,79.62,1.08386,1.07385,1881.8,1091.2,3919.25,9.9727
"110123",0.6909,82.91,1.07389,1.07654,1887.5,1083,3969.61,9.98414
"120123",0.69665,83.82,1.07811,1.0859,1898.7,1080.4,3983.17,9.88301
"130123",0.69734,85.43,1.079,1.08319,1923,1075,3999.09,9.85535
"170123",0.69874,86.7,1.08428,1.07892,1901.6,1048.2,3990.97,9.8773
"180123",0.69429,84.64,1.09136,1.07969,1911.3,1047,3928.86,9.91136
"190123",0.69116,86.38,1.0915,1.08331,1925.6,1041.2,3898.85,9.9016
"200123",0.69675,87.66,1.0862,1.0855,1927.7,1051.9,3972.61,9.86225
"230123",0.70283,88.15,1.08459,1.0871,1934,1058.3,4019.81,9.81802
"240123",0.70503,86.42,1.08405,1.0889,1929.8,1064.6,4016.95,9.86199
"250123",0.71068,86.18,1.08994,1.09206,1947,1049.7,4016.22,9.8917
"260123",0.71129,87.49,1.08645,1.0893,1921.8,1026.8,4060.43,9.8613
"270123",0.7103,86.21,1.0858,1.08649,1927.6,1019,4070.56,9.8776
"300123",0.70572,84.64,1.08041,1.08492,1935.4,1017.2,4017.77,9.97604
"310123",0.70502,85.53,1.09095,1.08607,1941.4,1018.1,4076.6,9.97899
"10223",0.71471,83.06,1.1018,1.10122,1968.7,1015,4119.21,9.88279
"20223",0.70725,82.1,1.0946,1.09043,1929.9,1029.7,4179.76,10.04246
"30223",0.6917,79.82,1.0795,1.0793,1877.7,980,4136.48,10.21099
"60223",0.68879,81.4,1.0771,1.0729,1885.6,977.8,4111.08,10.33041
"70223",0.6964,84.09,1.08479,1.07299,1889.3,982.1,4164,10.3115
"80223",0.6928,85.02,1.0856,1.07151,1891.1,974.6,4117.86,10.3089
"90223",0.6937,84.08,1.08408,1.07387,1864.8,961,4081.5,10.1773
"100223",0.69143,86.06,1.0822,1.06754,1876.4,951.3,4090.46,10.13707
"130223",0.69679,85.78,1.088,1.0729,1868.4,961.1,4137.29,10.0856
"140223",0.69869,85.25,1.08486,1.07349,1858.3,935.4,4136.13,10.13522
"150223",0.69063,85.28,1.0826,1.0691,1848.9,919.7,4147.6,10.2074
"160223",0.68616,84.82,1.0788,1.06647,1836,921.5,4090.41,10.26086
"170223",0.6877,83.15,1.0817,1.0694,1851.3,920.8,4079.09,10.27297
"210223",0.68629,82.73,1.07776,1.065,1845,945.5,3997.34,10.29444
"220223",0.68112,80.47,1.07355,1.06048,1837.6,951.1,3991.05,10.3478
"230223",0.68078,82.43,1.07073,1.05972,1832.9,948.3,4012.32,10.3008
"240223",0.67212,82.85,1.0622,1.05437,1818,909.4,3970.04,10.38172
"270223",0.67399,82.06,1.06848,1.06097,1821,938.3,3982.24,10.33345
"280223",0.67298,83.11,1.0613,1.05766,1836.8,942.4,3970.15,10.3827
"10323",0.67592,84.43,1.064,1.0668,1840.4,951.2,3951.39,10.3773
"60323",0.67309,86.25,1.07421,1.06849,1852.5,979.5,4048.42,10.41212
"70323",0.65887,83.08,1.061,1.05484,1815.6,934.7,3986.37,10.69122
"80323",0.65939,82.52,1.06251,1.0549,1817.8,941.5,3992.01,10.6756
"90323",0.65883,81.56,1.07163,1.05847,1833.7,945.5,3918.32,10.66044
"100323",0.658,82.64,1.085,1.06386,1872.7,963.2,3861.59,10.62636
"140323",0.6687,77.61,1.09307,1.07264,1907.1,990,3919.29,10.54681
"150323",0.66169,74.27,1.07322,1.05815,1916.8,968.6,3891.93,10.75413
"160323",0.66633,74.71,1.0759,1.06136,1931.9,982.6,3960.28,10.7476
"170323",0.6695,72.47,1.079,1.06639,1993.7,980.9,3916.64,10.7029
"200323",0.67161,73.77,1.07576,1.07186,1987.6,995.6,3951.57,10.6419
"210323",0.66778,75.07,1.08457,1.07726,1942.4,979.1,4002.87,10.5396
"220323",0.66971,75.47,1.09056,1.0869,1979.4,992.3,3959.21,10.44207
"230323",0.66808,75.15,1.09047,1.08342,1995.4,990.5,3948.72,10.39822
"240323",0.6645,74.61,1.0866,1.07588,1981,986.3,3970.99,10.47941
"270323",0.66588,77.76,1.09236,1.08064,1960.5,980.3,3977.53,10.4559
"280323",0.67058,78.42,1.08616,1.08386,1967.5,962.6,3971.27,10.36025
"290323",0.66813,77.53,1.08879,1.08424,1959.8,965.6,4027.81,10.4173
"300323",0.67151,78.56,1.09451,1.09042,1998.8,996.2,4050.83,10.3945
"310323",0.6685,79.93,1.0923,1.08381,1987,1000.3,4109.31,10.46453
"30423",0.67856,84.78,1.09515,1.09064,1995.4,998.2,4124.51,10.277
"40423",0.67595,85.26,1.10377,1.09569,2039.7,1029.3,4100.6,10.30112
"50423",0.67154,84.88,1.10292,1.09025,2027.9,1011.7,4090.38,10.4498
"60423",0.66734,84.94,1.10516,1.09191,2023.7,1017,4105.02,10.4431
"100423",0.66481,84.31,1.0998,1.0869,2012.7,1004.9,4109.11,10.5169
"110423",0.66523,85.62,1.1069,1.09159,2032.1,1006.4,4108.94,10.5587
"120423",0.66963,87.23,1.11591,1.09968,2031.6,1030.7,4091.95,10.43723
"130423",0.67834,86.31,1.1244,1.10517,2059.4,1063.7,4146.22,10.3046
"140423",0.6708,86.63,1.1182,1.0991,2017.7,1058.5,4137.64,10.3704
"170423",0.6698,84.83,1.11265,1.09245,2012.2,1062.5,4151.32,10.4802
"180423",0.6735,84.87,1.1156,1.09744,2015.9,1096.7,4154.87,10.4651
"190423",0.67047,82.88,1.1135,1.09509,2004.4,1101.6,4154.52,10.5882
"200423",0.67423,80.86,1.1202,1.09672,2013.5,1110.5,4129.79,10.58568
"210423",0.669,81.88,1.1202,1.0988,1994.1,1141.3,4133.52,10.5733
"240423",0.67027,82.54,1.12705,1.1057,2002.8,1102.9,4137.04,10.52286
"250423",0.66359,80.76,1.12091,1.09779,2004.6,1108.1,4071.63,10.67
"260423",0.66078,77.77,1.12229,1.1045,2008.5,1105.1,4055.99,10.6251
"270423",0.66299,78.28,1.11843,1.10316,1997.6,1094,4135.35,10.61263
"280423",0.66112,80.34,1.1175,1.10144,1999.4,1088.5,4169.48,10.6484
"10523",0.66223,79.4,1.1157,1.09686,1990.6,1064.1,4167.87,10.7424
"20523",0.66762,75.23,1.1202,1.09578,2027.3,1074.4,4119.58,10.804
"30523",0.66412,71.93,1.13165,1.10682,2049.7,1069.9,4090.75,10.762
"40523",0.66958,72.54,1.1289,1.10229,2057.9,1053.5,4061.22,10.6779
"50523",0.6748,75.31,1.1223,1.10174,2025.7,1068.7,4136.25,10.5601
"80523",0.67805,76.61,1.12332,1.09965,2032.3,1085.2,4138.12,10.503
"90523",0.67663,77.28,1.12311,1.09644,2038.6,1116.4,4119.17,10.5636
"100523",0.67807,76.59,1.12406,1.09826,2038.4,1126.3,4137.64,10.4996
"110523",0.6699,75.43,1.11803,1.09116,2016.5,1102.3,4130.62,10.6765
"120523",0.66391,74.22,1.1126,1.0847,2015.7,1058.1,4124.08,10.6757
"150523",0.67011,75.56,1.1165,1.08733,2021.3,1070.7,4136.28,10.5944
"160523",0.66576,74.75,1.115,1.08649,1994.8,1068.3,4109.9,10.7183
"170523",0.66548,76.78,1.1124,1.08375,1984.9,1079.2,4158.77,10.7711
"180523",0.66267,75.95,1.1047,1.07745,1965.5,1058.6,4198.05,10.9148
"190523",0.665,75.79,1.1114,1.08019,1979.2,1071.7,4191.98,10.8709
"220523",0.66477,75.94,1.11293,1.081,1964.6,1075.9,4192.63,10.903
"230523",0.66135,77.5,1.10905,1.0769,1978.3,1060.3,4145.58,10.9571
"240523",0.65427,78.34,1.1054,1.07556,1957.8,1031.1,4115.24,10.9551
"250523",0.6498,76.23,1.1044,1.07232,1948.4,1026.5,4151.28,11.0551
"260523",0.6517,77.09,1.1045,1.0725,1946.8,1029.1,4205.45,11.0782
"300523",0.65174,73.69,1.1033,1.07316,1976.4,1027.9,4205.52,11.1811
"310523",0.65059,72.13,1.0985,1.06935,1981.5,1001.5,4179.83,11.05994
"10623",0.65768,74.32,1.1036,1.07606,1999.6,1009.3,4221.02,11.05181
"20623",0.66042,76.29,1.0999,1.0706,1964.9,1008.7,4282.37,11.0124
"50623",0.66126,76.6,1.1033,1.07114,1975,1034.6,4273.79,11.03575
"60623",0.66801,76.12,1.1018,1.06982,1979.3,1040.1,4283.85,11.0913
"70623",0.66582,76.8,1.09912,1.07069,1960.7,1026.6,4267.52,11.04427
"80623",0.6712,75.52,1.112,1.07811,1978.7,1015.6,4293.93,10.90028
"90623",0.6739,74.97,1.1068,1.0747,1975.5,1013.2,4298.86,10.75012
"120623",0.67524,72.11,1.10042,1.0762,1975.8,997.8,4338.93,10.79728
"130623",0.6766,74.19,1.1044,1.07947,1962.4,983.6,4369.01,10.64067
"140623",0.67961,73.61,1.1104,1.08424,1946.8,981.1,4372.59,10.63737
"150623",0.68794,75.63,1.1209,1.09455,1968.9,993.4,4425.84,10.49846
"160623",0.68707,76.56,1.1182,1.09401,1969.1,987.4,4409.59,10.5423
"200623",0.67895,75.42,1.1135,1.092,1947.9,965.9,4388.71,10.7233
"210623",0.67979,77.03,1.12,1.09912,1942.6,948.5,4365.69,10.64266
"220623",0.67591,74.23,1.1169,1.09554,1921.9,925,4381.89,10.65201
"230623",0.6677,74.14,1.1146,1.0891,1929.7,920.6,4348.33,10.81492
"260623",0.66737,74.39,1.11606,1.09098,1937.7,928.6,4328.82,10.73316
"270623",0.6682,72.69,1.1183,1.0957,1924,926.4,4378.41,10.7918
"280623",0.65985,73.57,1.1147,1.09147,1913.8,920.6,4376.86,10.76273
"290623",0.66165,74.31,1.1117,1.08668,1916.7,904.5,4396.44,10.7988
"300623",0.666,75.19,1.1167,1.09074,1926,910.2,4450.38,10.7332
"30723",0.66732,74.96,1.1157,1.09126,1930.7,919.6,4455.59,10.69
"50723",0.66547,76.53,1.1125,1.08544,1924.5,923.6,4446.82,10.67945
"60723",0.66277,76.51,1.1165,1.0889,1916.8,908.7,4411.59,10.7592
"70723",0.66868,78.3,1.1243,1.0964,1930.5,916.7,4398.95,10.6164
"100723",0.66762,77.79,1.1293,1.10053,1932,935.3,4409.53,10.47624
"110723",0.66923,79.35,1.1375,1.10129,1943.7,931.9,4439.26,10.3475
"120723",0.67916,80.2,1.15351,1.11397,1965.1,959.8,4472.16,10.11057
"130723",0.68881,81.54,1.1635,1.12227,1966.6,980.6,4510.04,9.94462
"140723",0.68371,79.66,1.1597,1.1227,1959.8,982.1,4505.42,10.04241
"170723",0.68091,78.56,1.1619,1.12366,1963.1,986.3,4522.79,10.06459
"180723",0.68128,79.82,1.16549,1.1228,1979.2,995.4,4554.98,10.0495
"190723",0.67702,79.54,1.16518,1.1205,1987.7,980.8,4565.72,10.0382
"200723",0.6778,79.62,1.1539,1.11346,1972.1,968,4534.87,10.0669
"210723",0.67283,80.86,1.1546,1.11245,1964.1,971.5,4536.34,10.06994
"240723",0.6731,82.75,1.14916,1.10627,1963.2,967,4554.64,10.0588
"250723",0.67871,83.2,1.15635,1.10491,1965.3,978.2,4567.46,10.0626
"260723",0.67602,82.95,1.16038,1.10771,1978,973.2,4566.75,10.1243
"270723",0.6711,83.86,1.15051,1.09774,1991.8,945.2,4537.41,10.1855
"280723",0.66445,84.92,1.1482,1.10147,1997.5,943.9,4582.23,10.18979
"310723",0.67151,85.33,1.1468,1.09966,2004,960.9,4588.96,10.12965
"10823",0.66172,85.68,1.1456,1.10072,1986.2,941.7,4576.73,10.16589
"20823",0.65412,83.38,1.1394,1.09434,1972.6,927.4,4513.39,10.28485
"30823",0.65597,85.25,1.14342,1.09509,1970.3,922.1,4501.89,10.23069
"40823",0.65663,86,1.1454,1.10072,1977.1,929,4478.03,10.13
"70823",0.65713,85.91,1.14518,1.10026,1967.8,924,4518.44,10.14488
"80823",0.65323,86.18,1.1416,1.09588,1963.9,904.2,4499.38,10.2655
"90823",0.65347,87.51,1.1398,1.09768,1951.2,893.4,4467.71,10.19708
"100823",0.65116,86.33,1.14,1.09809,1946.6,911,4468.83,10.31559
"110823",0.6498,86.6,1.1406,1.09436,1945.5,916.5,4464.05,10.41743
"140823",0.64877,86.19,1.1378,1.09075,1939.4,904.5,4489.72,10.47617
"150823",0.64571,85.08,1.13787,1.09035,1934.9,892.9,4437.86,10.5292
"160823",0.64133,83.37,1.13578,1.08737,1922.3,886.6,4404.33,10.6151
"170823",0.64058,83.72,1.13825,1.08744,1924.1,890.7,4370.36,10.5829
"180823",0.64026,84.72,1.1327,1.08711,1917.7,916.2,4369.71,10.6392
"210823",0.64122,84.59,1.13763,1.08975,1924.7,914.1,4399.77,10.6167
"220823",0.64239,83.89,1.13575,1.08462,1929.9,925.9,4387.55,10.6249
"230823",0.64805,83.07,1.13937,1.0865,1948.9,937.1,4436.01,10.5892
"240823",0.64118,83.23,1.12914,1.07982,1941,941.3,4376.31,10.72521
"250823",0.64014,84.62,1.1304,1.0793,1941.4,951.7,4405.71,10.6859
"280823",0.64271,84.42,1.13161,1.08256,1953.3,974.4,4433.31,10.7116
"290823",0.64757,85.53,1.13744,1.08692,1964.7,985.7,4497.63,10.58409
"300823",0.64792,85.95,1.13863,1.09294,1970.4,984.8,4514.87,10.5965
"310823",0.64858,86.82,1.13153,1.08419,1965.5,977.3,4507.66,10.63099
"10923",0.64496,88.77,1.1287,1.07733,1966.2,968.8,4515.77,10.6699
"50923",0.63743,90.05,1.12404,1.07241,1951.6,934.7,4496.83,10.7172
"60923",0.63809,90.63,1.12165,1.07239,1944.2,915.3,4465.48,10.7118
"70923",0.63769,89.76,1.11995,1.06968,1948.8,911.1,4451.14,10.70451
"80923",0.6376,90.46,1.1194,1.0699,1942.8,896.6,4457.49,10.67774
"110923",0.64287,90.61,1.12168,1.07476,1946.8,901.4,4487.46,10.64604
"120923",0.64278,91.96,1.12151,1.07522,1931.7,914.1,4461.9,10.67712
"130923",0.64206,92.19,1.11894,1.07321,1931.1,903.1,4467.44,10.71274
"140923",0.64303,94.14,1.11556,1.06343,1937.1,910.1,4505.1,10.74155
"150923",0.6428,94.21,1.1135,1.06596,1944.7,930.7,4450.32,10.7788
"180923",0.64385,94.57,1.11425,1.06916,1953.6,940.1,4453.53,10.80897
"190923",0.6464,94.4,1.11416,1.06814,1951.3,945,4443.95,10.76442
"200923",0.64357,93.2,1.11155,1.06498,1948.3,928.7,4402.2,10.7916
"210923",0.64088,93.24,1.10517,1.06598,1943.2,926.2,4330,10.77543
"220923",0.64376,93.63,1.102,1.06432,1944.4,933.2,4320.06,10.7422
"250923",0.64216,93.41,1.09616,1.05909,1932.3,915.7,4337.44,10.8073
"260923",0.63931,94.07,1.09175,1.05688,1917.9,905.1,4273.53,10.8253
"270923",0.63479,96.71,1.08581,1.05048,1891.4,897.3,4274.51,10.76064
"280923",0.64262,95.14,1.09294,1.05623,1880,918.7,4299.7,10.7283
"290923",0.6434,92.29,1.0923,1.05709,1864.9,915,4288.05,10.6944
"21023",0.63616,90.48,1.08918,1.04795,1836.1,884.8,4288.39,10.85723
"31023",0.6308,91.1,1.0853,1.04686,1835.9,876,4229.45,10.9534
"41023",0.63277,86.09,1.0904,1.05066,1842.6,872.2,4263.75,11.00814
"51023",0.63686,84.18,1.0952,1.05463,1837.8,865.1,4258.19,10.96559
"61023",0.63818,84.47,1.0988,1.05857,1844,884.7,4308.5,10.902
"91023",0.6421,88.25,1.1047,1.05782,1875.9,894.2,4335.66,10.77202
"101023",0.64317,87.72,1.10524,1.06043,1873.4,886.9,4358.24,10.80361
"111023",0.64174,85.54,1.10956,1.0623,1890.4,894.5,4376.95,10.8502
"121023",0.6315,86.26,1.10125,1.05353,1886.1,874.4,4349.61,10.96805
"131023",0.62943,90.94,1.1076,1.05043,1942.5,887.7,4327.78,10.9255
"161023",0.63366,90.16,1.11024,1.05543,1929.5,897.6,4373.63,10.92382
"171023",0.63627,90.91,1.1105,1.05724,1950.3,903.9,4373.2,10.95155
"181023",0.63321,91.41,1.1122,1.05379,1958.1,892.9,4314.6,11.05919
"191023",0.63241,93.05,1.1209,1.0586,1989.6,899.4,4278,10.99955
"201023",0.63092,92.19,1.1203,1.05924,1990.8,903.6,4224.16,11.0528
"231023",0.63356,90.5,1.12225,1.06699,1987.9,902.5,4217.04,11.0765
"241023",0.63599,88.08,1.11944,1.05942,1983.9,894.1,4247.68,11.15645
"251023",0.62934,90.13,1.11493,1.05655,1997.3,909.2,4186.77,11.20789
"261023",0.6333,88.16,1.1121,1.05635,1997.8,912.4,4137.23,11.18769
"271023",0.63307,90.02,1.1075,1.05605,2015.6,912,4117.37,11.1722
"301023",0.63676,87.91,1.1081,1.06131,2001.5,940.7,4166.82,11.14108
"311023",0.63366,85.62,1.09867,1.0578,1985.6,942,4193.8,11.17514
"11123",0.64216,84.9,1.10398,1.05866,1993.2,934.9,4237.86,11.14122
"21123",0.64273,86.96,1.10333,1.06153,1993.1,931.2,4317.78,11.15988
"31123",0.65072,85.17,1.1118,1.073,1999.9,941.3,4358.34,11.028
"61123",0.64879,85.21,1.1118,1.07179,1977.9,914.3,4365.98,11.04243
"71123",0.64298,81.41,1.11089,1.06956,1973.7,898.5,4378.38,11.18889
"81123",0.64067,79.71,1.11199,1.0711,1954.4,874.8,4382.78,11.16752
"91123",0.63607,79.87,1.10682,1.06667,1962.6,864.3,4347.35,11.2191
"101123",0.63583,81.55,1.1087,1.0684,1939.9,845.6,4415.24,11.1086
"131123",0.6379,82.7,1.109,1.07006,1948.5,869.6,4411.55,11.0727
"141123",0.64974,82.37,1.1244,1.08777,1971.1,890.7,4495.7,10.87002
"151123",0.6511,81.07,1.1268,1.08534,1965.3,901.3,4502.88,10.79896
"161123",0.64683,77.45,1.1251,1.08531,1988.6,898.4,4508.24,10.93598
"171123",0.65131,80.52,1.1287,1.09112,1983.5,903.5,4514.02,10.79702
"201123",0.65593,82.03,1.13051,1.09443,1994,926.1,4547.38,10.69727
"211123",0.65573,82.39,1.1316,1.09165,2000.8,941,4538.19,10.66621
"221123",0.65419,81.66,1.1307,1.08871,1996,931.7,4556.62,10.74936
"241123",0.6582,80.23,1.1326,1.09367,2003.7,939.5,4559.34,10.7057
"271123",0.66126,80.08,1.13615,1.09583,2015.5,928.4,4550.43,10.63225
"281123",0.66556,81.66,1.13989,1.10032,2067.4,949.6,4554.89,10.60639
"291123",0.66168,82.9,1.1446,1.09732,2064.8,938,4550.58,10.65254
"301123",0.66063,80.35,1.14296,1.08914,2059.7,936.1,4567.8,10.808
"11223",0.66717,79.07,1.1504,1.08818,2089.3,940.8,4594.63,10.66825
"41223",0.66163,78.2,1.14571,1.0837,2050.2,924.3,4569.78,10.8395
"51223",0.65538,77,1.14248,1.0793,2039.6,906.3,4567.18,10.92315
"61223",0.6551,74.28,1.14311,1.07657,2043,894.8,4549.34,10.97224
"71223",0.65937,74.56,1.14192,1.07892,2047.8,909.6,4585.59,10.87271
"81223",0.6577,75.8,1.1359,1.07608,2019,921.8,4604.37,10.9023
"111223",0.65643,76.11,1.13823,1.07652,2000.8,916.5,4622.44,10.95545
"121223",0.6564,73.32,1.1424,1.07974,1993.1,935.8,4643.7,10.95913
"131223",0.66647,74.62,1.14787,1.08826,2045.8,943.1,4707.09,10.77714
"141223",0.67013,76.6,1.15305,1.09934,2051,963.5,4719.55,10.49952
"151223",0.67001,76.64,1.1487,1.08922,2034.7,947.9,4719.19,10.452
"181223",0.67031,78.04,1.15303,1.09235,2037.6,953.9,4740.56,10.39649
"191223",0.67577,79.27,1.16151,1.09786,2053.7,960.6,4768.37,10.26749
"201223",0.67393,79.15,1.15897,1.0943,2048,966,4698.35,10.341
"211223",0.67961,79.34,1.16757,1.10048,2061.1,970.9,4746.75,10.27279
"221223",0.6799,79.19,1.1679,1.10118,2064.8,978.4,4754.63,10.1939
"261223",0.68232,81.01,1.17099,1.10418,2077.1,984.8,4774.75,10.14421
"271223",0.68519,79.34,1.18655,1.11077,2096.6,1014.5,4781.58,10.09942
"281223",0.68252,77.48,1.18508,1.10673,2079.2,1020.3,4783.35,10.19146
"291223",0.681,77.08,1.1877,1.10374,2075.3,1005.3,4769.83,10.1654
"20124",0.67661,76.04,1.17598,1.09408,2073,996.6,4742.83,10.34865
"30124",0.67346,78.44,1.17728,1.09251,2050.3,986.5,4704.81,10.33616
"40124",0.67057,77.74,1.17584,1.09459,2051.3,967.3,4688.68,10.29029
"50124",0.67129,78.75,1.1752,1.094,2051.1,972.1,4697.24,10.2923
"80124",0.67163,76.27,1.17893,1.09489,2038.9,959.7,4763.54,10.3629
"90124",0.66836,77.49,1.17274,1.09318,2035.3,943.6,4756.5,10.35786
"100124",0.67017,76.78,1.17547,1.09739,2036.1,929.8,4783.45,10.34529
"110124",0.66986,78.48,1.1745,1.09821,2038.9,928.6,4780.24,10.29075
"120124",0.6685,78.45,1.1725,1.09483,2051.3,915.9,4783.83,10.28302
"160124",0.65882,77.9,1.16051,1.08787,2028.5,906.1,4765.98,10.46173
"170124",0.65518,78.11,1.15671,1.08858,2010,893.1,4739.21,10.5002
"180124",0.65816,78.96,1.15184,1.08798,2022.9,919,4780.94,10.52323
"190124",0.6597,78.85,1.1515,1.0897,2030.6,908.6,4839.81,10.48683
"220124",0.65699,79.89,1.15015,1.08774,2029,901.7,4850.43,10.52172
"230124",0.65858,79.73,1.14957,1.08572,2025.3,908.5,4864.6,10.49778
"240124",0.65755,80.23,1.1583,1.08812,2015.5,908.3,4868.55,10.46589
"250124",0.65819,82.36,1.15283,1.08455,2020.9,898,4894.16,10.43847
"260124",0.6574,83.58,1.1571,1.085,2017.9,921.8,4890.97,10.40976
"290124",0.66134,82.46,1.16058,1.08336,2049.5,938.3,4927.93,10.41782
"300124",0.65947,82.75,1.1601,1.08429,2052.6,930.6,4924.97,10.4374
"310124",0.65625,80.69,1.15921,1.0804,2063,928.3,4845.65,10.51072
"10224",0.65743,78.82,1.16573,1.08742,2072.3,922.7,4906.19,10.4332
"20224",0.6512,77.24,1.1532,1.0786,2054.5,901.6,4958.61,10.6102
"50224",0.64801,77.93,1.14807,1.07402,2042.2,904.6,4942.81,10.68953
"60224",0.65278,78.77,1.14973,1.07568,2051.1,911.7,4954.23,10.5856
"70224",0.65195,79.43,1.14372,1.07755,2047.4,890.9,4995.06,10.57503
"80224",0.6498,81.75,1.14461,1.0777,2047.5,895.4,4997.91,10.61435
"90224",0.6523,81.93,1.1428,1.0781,2040.3,881.1,5026.61,10.5373
"120224",0.65287,82.08,1.14152,1.0771,2032.4,896.4,5021.84,10.5
"130224",0.64529,82.66,1.1267,1.07084,2005,879.3,4953.17,10.6687
"140224",0.64985,81.44,1.12942,1.07311,2003.6,897.6,5000.62,10.57581
"150224",0.65251,82.85,1.13629,1.07718,2015.4,905,5029.73,10.52675
"160224",0.6531,83.37,1.1348,1.0775,2024.2,915.5,5005.57,10.4956
"200224",0.65528,82.56,1.13366,1.08089,2041.7,912,4975.51,10.4823
"210224",0.65536,83.16,1.13717,1.08193,2038.7,891.9,4981.8,10.47663
"220224",0.65578,83.42,1.13604,1.08253,2035.5,907.4,5087.03,10.4953
"230224",0.656,81.71,1.1344,1.08188,2046.9,906.8,5088.8,10.53322
"260224",0.65382,82.58,1.13601,1.08495,2043,884.8,5069.53,10.5109
"270224",0.65433,83.13,1.13741,1.08409,2039,894.6,5078.18,10.53298
"280224",0.64942,83.4,1.13779,1.0838,2043.5,883.9,5069.76,10.5894
"290224",0.64994,82.02,1.13048,1.08047,2053.8,883.6,5096.27,10.6181
"10324",0.65221,83.49,1.1316,1.08368,2093.5,892.2,5137.08,10.5099
"40324",0.65066,82.84,1.12944,1.08538,2123.9,902,5130.95,10.56752
"50324",0.65033,82.08,1.13156,1.08552,2134.2,886.9,5078.65,10.56928
"60324",0.65656,82.91,1.13342,1.08987,2165.5,909.1,5104.76,10.4864
"70324",0.66212,83.36,1.13968,1.09508,2164.6,924.1,5157.36,10.3978
"80324",0.66218,81.94,1.1389,1.09381,2183.6,916.8,5123.69,10.423
"120324",0.66072,82.36,1.13945,1.09259,2164.2,926.1,5175.27,10.5084
